Name,Path
cam.o,/home/mayank/Desktop/rtlwifi_new/cam.o
compat.h,/home/mayank/Desktop/rtlwifi_new/compat.h
rtl8192sefw.old.bin,/home/mayank/Desktop/rtlwifi_new/firmware/rtlwifi/rtl8192sefw.old.bin
rtl8723fw.bin,/home/mayank/Desktop/rtlwifi_new/firmware/rtlwifi/rtl8723fw.bin
rtl8812aefw_wowlan.bin,/home/mayank/Desktop/rtlwifi_new/firmware/rtlwifi/rtl8812aefw_wowlan.bin
rtl8192eefw.bin,/home/mayank/Desktop/rtlwifi_new/firmware/rtlwifi/rtl8192eefw.bin
rtl8188efw.bin,/home/mayank/Desktop/rtlwifi_new/firmware/rtlwifi/rtl8188efw.bin
rtl8723befw.bin,/home/mayank/Desktop/rtlwifi_new/firmware/rtlwifi/rtl8723befw.bin
rtl8192defw_12.bin,/home/mayank/Desktop/rtlwifi_new/firmware/rtlwifi/rtl8192defw_12.bin
Realtek-Firmware-License.txt,/home/mayank/Desktop/rtlwifi_new/firmware/rtlwifi/Realtek-Firmware-License.txt
rtl8192sefw.bin,/home/mayank/Desktop/rtlwifi_new/firmware/rtlwifi/rtl8192sefw.bin
rtl8192cfwU_B.bin,/home/mayank/Desktop/rtlwifi_new/firmware/rtlwifi/rtl8192cfwU_B.bin
rtl8192cfwU.bin,/home/mayank/Desktop/rtlwifi_new/firmware/rtlwifi/rtl8192cfwU.bin
rtl8192eefw_new.bin,/home/mayank/Desktop/rtlwifi_new/firmware/rtlwifi/rtl8192eefw_new.bin
rtl8723befw_36.bin,/home/mayank/Desktop/rtlwifi_new/firmware/rtlwifi/rtl8723befw_36.bin
rtl8821aefw_29.bin,/home/mayank/Desktop/rtlwifi_new/firmware/rtlwifi/rtl8821aefw_29.bin
rtl8821aefw_wowlan.bin,/home/mayank/Desktop/rtlwifi_new/firmware/rtlwifi/rtl8821aefw_wowlan.bin
rtl8821aefw.bin,/home/mayank/Desktop/rtlwifi_new/firmware/rtlwifi/rtl8821aefw.bin
rtl8192defw.bin,/home/mayank/Desktop/rtlwifi_new/firmware/rtlwifi/rtl8192defw.bin
rtl8812aefw.bin,/home/mayank/Desktop/rtlwifi_new/firmware/rtlwifi/rtl8812aefw.bin
rtl8192cfw.bin,/home/mayank/Desktop/rtlwifi_new/firmware/rtlwifi/rtl8192cfw.bin
rtl8723fw_B.bin,/home/mayank/Desktop/rtlwifi_new/firmware/rtlwifi/rtl8723fw_B.bin
.rtlwifi.mod.o.cmd,/home/mayank/Desktop/rtlwifi_new/.rtlwifi.mod.o.cmd
.cam.o.cmd,/home/mayank/Desktop/rtlwifi_new/.cam.o.cmd
.regd.o.cmd,/home/mayank/Desktop/rtlwifi_new/.regd.o.cmd
.led.o.cmd,/home/mayank/Desktop/rtlwifi_new/rtl8723ae/.led.o.cmd
sw.o,/home/mayank/Desktop/rtlwifi_new/rtl8723ae/sw.o
.rtl8723ae.o.cmd,/home/mayank/Desktop/rtlwifi_new/rtl8723ae/.rtl8723ae.o.cmd
.rtl8723ae.ko.cmd,/home/mayank/Desktop/rtlwifi_new/rtl8723ae/.rtl8723ae.ko.cmd
.dm.o.cmd,/home/mayank/Desktop/rtlwifi_new/rtl8723ae/.dm.o.cmd
hw.o,/home/mayank/Desktop/rtlwifi_new/rtl8723ae/hw.o
rtl8723ae.ko,/home/mayank/Desktop/rtlwifi_new/rtl8723ae/rtl8723ae.ko
led.h,/home/mayank/Desktop/rtlwifi_new/rtl8723ae/led.h
pwrseq.o,/home/mayank/Desktop/rtlwifi_new/rtl8723ae/pwrseq.o
def.h,/home/mayank/Desktop/rtlwifi_new/rtl8723ae/def.h
btc.h,/home/mayank/Desktop/rtlwifi_new/rtl8723ae/btc.h
trx.c,/home/mayank/Desktop/rtlwifi_new/rtl8723ae/trx.c
dm.h,/home/mayank/Desktop/rtlwifi_new/rtl8723ae/dm.h
pwrseqcmd.c,/home/mayank/Desktop/rtlwifi_new/rtl8723ae/pwrseqcmd.c
fw.h,/home/mayank/Desktop/rtlwifi_new/rtl8723ae/fw.h
trx.h,/home/mayank/Desktop/rtlwifi_new/rtl8723ae/trx.h
dm.o,/home/mayank/Desktop/rtlwifi_new/rtl8723ae/dm.o
led.c,/home/mayank/Desktop/rtlwifi_new/rtl8723ae/led.c
.hw.o.cmd,/home/mayank/Desktop/rtlwifi_new/rtl8723ae/.hw.o.cmd
rf.c,/home/mayank/Desktop/rtlwifi_new/rtl8723ae/rf.c
fw.c,/home/mayank/Desktop/rtlwifi_new/rtl8723ae/fw.c
.hal_btc.o.cmd,/home/mayank/Desktop/rtlwifi_new/rtl8723ae/.hal_btc.o.cmd
hw.h,/home/mayank/Desktop/rtlwifi_new/rtl8723ae/hw.h
.pwrseqcmd.o.cmd,/home/mayank/Desktop/rtlwifi_new/rtl8723ae/.pwrseqcmd.o.cmd
pwrseqcmd.o,/home/mayank/Desktop/rtlwifi_new/rtl8723ae/pwrseqcmd.o
rtl8723ae.mod.o,/home/mayank/Desktop/rtlwifi_new/rtl8723ae/rtl8723ae.mod.o
trx.o,/home/mayank/Desktop/rtlwifi_new/rtl8723ae/trx.o
.phy.o.cmd,/home/mayank/Desktop/rtlwifi_new/rtl8723ae/.phy.o.cmd
hal_btc.o,/home/mayank/Desktop/rtlwifi_new/rtl8723ae/hal_btc.o
.trx.o.cmd,/home/mayank/Desktop/rtlwifi_new/rtl8723ae/.trx.o.cmd
pwrseq.c,/home/mayank/Desktop/rtlwifi_new/rtl8723ae/pwrseq.c
pwrseq.h,/home/mayank/Desktop/rtlwifi_new/rtl8723ae/pwrseq.h
.sw.o.cmd,/home/mayank/Desktop/rtlwifi_new/rtl8723ae/.sw.o.cmd
phy.o,/home/mayank/Desktop/rtlwifi_new/rtl8723ae/phy.o
hal_bt_coexist.c,/home/mayank/Desktop/rtlwifi_new/rtl8723ae/hal_bt_coexist.c
table.h,/home/mayank/Desktop/rtlwifi_new/rtl8723ae/table.h
rtl8723ae.o,/home/mayank/Desktop/rtlwifi_new/rtl8723ae/rtl8723ae.o
.rtl8723ae.mod.o.cmd,/home/mayank/Desktop/rtlwifi_new/rtl8723ae/.rtl8723ae.mod.o.cmd
hal_btc.c,/home/mayank/Desktop/rtlwifi_new/rtl8723ae/hal_btc.c
modules.order,/home/mayank/Desktop/rtlwifi_new/rtl8723ae/modules.order
led.o,/home/mayank/Desktop/rtlwifi_new/rtl8723ae/led.o
hal_bt_coexist.o,/home/mayank/Desktop/rtlwifi_new/rtl8723ae/hal_bt_coexist.o
rf.h,/home/mayank/Desktop/rtlwifi_new/rtl8723ae/rf.h
table.c,/home/mayank/Desktop/rtlwifi_new/rtl8723ae/table.c
fw.o,/home/mayank/Desktop/rtlwifi_new/rtl8723ae/fw.o
rtl8723ae.mod.c,/home/mayank/Desktop/rtlwifi_new/rtl8723ae/rtl8723ae.mod.c
reg.h,/home/mayank/Desktop/rtlwifi_new/rtl8723ae/reg.h
rf.o,/home/mayank/Desktop/rtlwifi_new/rtl8723ae/rf.o
sw.h,/home/mayank/Desktop/rtlwifi_new/rtl8723ae/sw.h
.hal_bt_coexist.o.cmd,/home/mayank/Desktop/rtlwifi_new/rtl8723ae/.hal_bt_coexist.o.cmd
pwrseqcmd.h,/home/mayank/Desktop/rtlwifi_new/rtl8723ae/pwrseqcmd.h
.rf.o.cmd,/home/mayank/Desktop/rtlwifi_new/rtl8723ae/.rf.o.cmd
hal_bt_coexist.h,/home/mayank/Desktop/rtlwifi_new/rtl8723ae/hal_bt_coexist.h
dm.c,/home/mayank/Desktop/rtlwifi_new/rtl8723ae/dm.c
hal_btc.h,/home/mayank/Desktop/rtlwifi_new/rtl8723ae/hal_btc.h
dm.o.ur-safe,/home/mayank/Desktop/rtlwifi_new/rtl8723ae/dm.o.ur-safe
phy.h,/home/mayank/Desktop/rtlwifi_new/rtl8723ae/phy.h
.pwrseq.o.cmd,/home/mayank/Desktop/rtlwifi_new/rtl8723ae/.pwrseq.o.cmd
.table.o.cmd,/home/mayank/Desktop/rtlwifi_new/rtl8723ae/.table.o.cmd
.fw.o.cmd,/home/mayank/Desktop/rtlwifi_new/rtl8723ae/.fw.o.cmd
phy.c,/home/mayank/Desktop/rtlwifi_new/rtl8723ae/phy.c
table.o,/home/mayank/Desktop/rtlwifi_new/rtl8723ae/table.o
sw.c,/home/mayank/Desktop/rtlwifi_new/rtl8723ae/sw.c
Makefile,/home/mayank/Desktop/rtlwifi_new/rtl8723ae/Makefile
hw.c,/home/mayank/Desktop/rtlwifi_new/rtl8723ae/hw.c
hw.o.ur-safe,/home/mayank/Desktop/rtlwifi_new/rtl8723ae/hw.o.ur-safe
.debug.o.cmd,/home/mayank/Desktop/rtlwifi_new/.debug.o.cmd
Module.symvers,/home/mayank/Desktop/rtlwifi_new/Module.symvers
dkms.conf,/home/mayank/Desktop/rtlwifi_new/dkms.conf
.rtlwifi.o.cmd,/home/mayank/Desktop/rtlwifi_new/.rtlwifi.o.cmd
.rtlwifi.ko.cmd,/home/mayank/Desktop/rtlwifi_new/.rtlwifi.ko.cmd
regd.o,/home/mayank/Desktop/rtlwifi_new/regd.o
rc.h,/home/mayank/Desktop/rtlwifi_new/rc.h
ps.h,/home/mayank/Desktop/rtlwifi_new/ps.h
.rtl_usb.o.cmd,/home/mayank/Desktop/rtlwifi_new/.rtl_usb.o.cmd
rtl_pci.o,/home/mayank/Desktop/rtlwifi_new/rtl_pci.o
core.h,/home/mayank/Desktop/rtlwifi_new/core.h
usb.h,/home/mayank/Desktop/rtlwifi_new/usb.h
.rtl_pci.ko.cmd,/home/mayank/Desktop/rtlwifi_new/.rtl_pci.ko.cmd
.core.o.cmd,/home/mayank/Desktop/rtlwifi_new/.core.o.cmd
.led.o.cmd,/home/mayank/Desktop/rtlwifi_new/rtl8723be/.led.o.cmd
sw.o,/home/mayank/Desktop/rtlwifi_new/rtl8723be/sw.o
.dm.o.cmd,/home/mayank/Desktop/rtlwifi_new/rtl8723be/.dm.o.cmd
hw.o,/home/mayank/Desktop/rtlwifi_new/rtl8723be/hw.o
phy.o.ur-safe,/home/mayank/Desktop/rtlwifi_new/rtl8723be/phy.o.ur-safe
led.h,/home/mayank/Desktop/rtlwifi_new/rtl8723be/led.h
pwrseq.o,/home/mayank/Desktop/rtlwifi_new/rtl8723be/pwrseq.o
def.h,/home/mayank/Desktop/rtlwifi_new/rtl8723be/def.h
trx.c,/home/mayank/Desktop/rtlwifi_new/rtl8723be/trx.c
rtl8723be.ko,/home/mayank/Desktop/rtlwifi_new/rtl8723be/rtl8723be.ko
dm.h,/home/mayank/Desktop/rtlwifi_new/rtl8723be/dm.h
pwrseqcmd.c,/home/mayank/Desktop/rtlwifi_new/rtl8723be/pwrseqcmd.c
fw.h,/home/mayank/Desktop/rtlwifi_new/rtl8723be/fw.h
trx.h,/home/mayank/Desktop/rtlwifi_new/rtl8723be/trx.h
rtl8723be.o,/home/mayank/Desktop/rtlwifi_new/rtl8723be/rtl8723be.o
dm.o,/home/mayank/Desktop/rtlwifi_new/rtl8723be/dm.o
led.c,/home/mayank/Desktop/rtlwifi_new/rtl8723be/led.c
.hw.o.cmd,/home/mayank/Desktop/rtlwifi_new/rtl8723be/.hw.o.cmd
rf.c,/home/mayank/Desktop/rtlwifi_new/rtl8723be/rf.c
fw.c,/home/mayank/Desktop/rtlwifi_new/rtl8723be/fw.c
hw.h,/home/mayank/Desktop/rtlwifi_new/rtl8723be/hw.h
phy.c.rej,/home/mayank/Desktop/rtlwifi_new/rtl8723be/phy.c.rej
.pwrseqcmd.o.cmd,/home/mayank/Desktop/rtlwifi_new/rtl8723be/.pwrseqcmd.o.cmd
pwrseqcmd.o,/home/mayank/Desktop/rtlwifi_new/rtl8723be/pwrseqcmd.o
trx.o,/home/mayank/Desktop/rtlwifi_new/rtl8723be/trx.o
.phy.o.cmd,/home/mayank/Desktop/rtlwifi_new/rtl8723be/.phy.o.cmd
.trx.o.cmd,/home/mayank/Desktop/rtlwifi_new/rtl8723be/.trx.o.cmd
pwrseq.c,/home/mayank/Desktop/rtlwifi_new/rtl8723be/pwrseq.c
rtl8723be.mod.c,/home/mayank/Desktop/rtlwifi_new/rtl8723be/rtl8723be.mod.c
pwrseq.h,/home/mayank/Desktop/rtlwifi_new/rtl8723be/pwrseq.h
.rtl8723be.o.cmd,/home/mayank/Desktop/rtlwifi_new/rtl8723be/.rtl8723be.o.cmd
.sw.o.cmd,/home/mayank/Desktop/rtlwifi_new/rtl8723be/.sw.o.cmd
phy.o,/home/mayank/Desktop/rtlwifi_new/rtl8723be/phy.o
table.h,/home/mayank/Desktop/rtlwifi_new/rtl8723be/table.h
.rtl8723be.mod.o.cmd,/home/mayank/Desktop/rtlwifi_new/rtl8723be/.rtl8723be.mod.o.cmd
.rtl8723be.ko.cmd,/home/mayank/Desktop/rtlwifi_new/rtl8723be/.rtl8723be.ko.cmd
modules.order,/home/mayank/Desktop/rtlwifi_new/rtl8723be/modules.order
led.o,/home/mayank/Desktop/rtlwifi_new/rtl8723be/led.o
rf.h,/home/mayank/Desktop/rtlwifi_new/rtl8723be/rf.h
table.c,/home/mayank/Desktop/rtlwifi_new/rtl8723be/table.c
fw.o,/home/mayank/Desktop/rtlwifi_new/rtl8723be/fw.o
rtl8723be.mod.o,/home/mayank/Desktop/rtlwifi_new/rtl8723be/rtl8723be.mod.o
reg.h,/home/mayank/Desktop/rtlwifi_new/rtl8723be/reg.h
rf.o,/home/mayank/Desktop/rtlwifi_new/rtl8723be/rf.o
sw.h,/home/mayank/Desktop/rtlwifi_new/rtl8723be/sw.h
pwrseqcmd.h,/home/mayank/Desktop/rtlwifi_new/rtl8723be/pwrseqcmd.h
.rf.o.cmd,/home/mayank/Desktop/rtlwifi_new/rtl8723be/.rf.o.cmd
dm.c,/home/mayank/Desktop/rtlwifi_new/rtl8723be/dm.c
dm.o.ur-safe,/home/mayank/Desktop/rtlwifi_new/rtl8723be/dm.o.ur-safe
phy.h,/home/mayank/Desktop/rtlwifi_new/rtl8723be/phy.h
.pwrseq.o.cmd,/home/mayank/Desktop/rtlwifi_new/rtl8723be/.pwrseq.o.cmd
.table.o.cmd,/home/mayank/Desktop/rtlwifi_new/rtl8723be/.table.o.cmd
.fw.o.cmd,/home/mayank/Desktop/rtlwifi_new/rtl8723be/.fw.o.cmd
phy.c,/home/mayank/Desktop/rtlwifi_new/rtl8723be/phy.c
table.o,/home/mayank/Desktop/rtlwifi_new/rtl8723be/table.o
sw.c,/home/mayank/Desktop/rtlwifi_new/rtl8723be/sw.c
Makefile,/home/mayank/Desktop/rtlwifi_new/rtl8723be/Makefile
hw.c,/home/mayank/Desktop/rtlwifi_new/rtl8723be/hw.c
hw.o.ur-safe,/home/mayank/Desktop/rtlwifi_new/rtl8723be/hw.o.ur-safe
rtlwifi.mod.c,/home/mayank/Desktop/rtlwifi_new/rtlwifi.mod.c
regd.h,/home/mayank/Desktop/rtlwifi_new/regd.h
checkpatch.pl,/home/mayank/Desktop/rtlwifi_new/tools/checkpatch.pl
remove_staging_driver.sh,/home/mayank/Desktop/rtlwifi_new/tools/remove_staging_driver.sh
delete_kernel_version.py,/home/mayank/Desktop/rtlwifi_new/tools/delete_kernel_version.py
wlanup,/home/mayank/Desktop/rtlwifi_new/tools/wlanup
wlanlog,/home/mayank/Desktop/rtlwifi_new/tools/wlanlog
wlandown,/home/mayank/Desktop/rtlwifi_new/tools/wlandown
wlanstart,/home/mayank/Desktop/rtlwifi_new/tools/wlanstart
Makefile,/home/mayank/Desktop/rtlwifi_new/tools/Makefile
.led.o.cmd,/home/mayank/Desktop/rtlwifi_new/rtl8192de/.led.o.cmd
sw.o,/home/mayank/Desktop/rtlwifi_new/rtl8192de/sw.o
.dm.o.cmd,/home/mayank/Desktop/rtlwifi_new/rtl8192de/.dm.o.cmd
hw.o,/home/mayank/Desktop/rtlwifi_new/rtl8192de/hw.o
rtl8192de.o,/home/mayank/Desktop/rtlwifi_new/rtl8192de/rtl8192de.o
rtl8192de.mod.o,/home/mayank/Desktop/rtlwifi_new/rtl8192de/rtl8192de.mod.o
rtl8192de.mod.c,/home/mayank/Desktop/rtlwifi_new/rtl8192de/rtl8192de.mod.c
led.h,/home/mayank/Desktop/rtlwifi_new/rtl8192de/led.h
def.h,/home/mayank/Desktop/rtlwifi_new/rtl8192de/def.h
trx.c,/home/mayank/Desktop/rtlwifi_new/rtl8192de/trx.c
dm.h,/home/mayank/Desktop/rtlwifi_new/rtl8192de/dm.h
fw.h,/home/mayank/Desktop/rtlwifi_new/rtl8192de/fw.h
trx.h,/home/mayank/Desktop/rtlwifi_new/rtl8192de/trx.h
dm.o,/home/mayank/Desktop/rtlwifi_new/rtl8192de/dm.o
led.c,/home/mayank/Desktop/rtlwifi_new/rtl8192de/led.c
rtl8192de.ko,/home/mayank/Desktop/rtlwifi_new/rtl8192de/rtl8192de.ko
.hw.o.cmd,/home/mayank/Desktop/rtlwifi_new/rtl8192de/.hw.o.cmd
rf.c,/home/mayank/Desktop/rtlwifi_new/rtl8192de/rf.c
fw.c,/home/mayank/Desktop/rtlwifi_new/rtl8192de/fw.c
hw.h,/home/mayank/Desktop/rtlwifi_new/rtl8192de/hw.h
trx.o,/home/mayank/Desktop/rtlwifi_new/rtl8192de/trx.o
.phy.o.cmd,/home/mayank/Desktop/rtlwifi_new/rtl8192de/.phy.o.cmd
.trx.o.cmd,/home/mayank/Desktop/rtlwifi_new/rtl8192de/.trx.o.cmd
.rtl8192de.o.cmd,/home/mayank/Desktop/rtlwifi_new/rtl8192de/.rtl8192de.o.cmd
.sw.o.cmd,/home/mayank/Desktop/rtlwifi_new/rtl8192de/.sw.o.cmd
phy.o,/home/mayank/Desktop/rtlwifi_new/rtl8192de/phy.o
table.h,/home/mayank/Desktop/rtlwifi_new/rtl8192de/table.h
modules.order,/home/mayank/Desktop/rtlwifi_new/rtl8192de/modules.order
led.o,/home/mayank/Desktop/rtlwifi_new/rtl8192de/led.o
.rtl8192de.ko.cmd,/home/mayank/Desktop/rtlwifi_new/rtl8192de/.rtl8192de.ko.cmd
rf.h,/home/mayank/Desktop/rtlwifi_new/rtl8192de/rf.h
table.c,/home/mayank/Desktop/rtlwifi_new/rtl8192de/table.c
fw.o,/home/mayank/Desktop/rtlwifi_new/rtl8192de/fw.o
reg.h,/home/mayank/Desktop/rtlwifi_new/rtl8192de/reg.h
rf.o,/home/mayank/Desktop/rtlwifi_new/rtl8192de/rf.o
sw.h,/home/mayank/Desktop/rtlwifi_new/rtl8192de/sw.h
.rf.o.cmd,/home/mayank/Desktop/rtlwifi_new/rtl8192de/.rf.o.cmd
dm.c,/home/mayank/Desktop/rtlwifi_new/rtl8192de/dm.c
.rtl8192de.mod.o.cmd,/home/mayank/Desktop/rtlwifi_new/rtl8192de/.rtl8192de.mod.o.cmd
phy.h,/home/mayank/Desktop/rtlwifi_new/rtl8192de/phy.h
.table.o.cmd,/home/mayank/Desktop/rtlwifi_new/rtl8192de/.table.o.cmd
.fw.o.cmd,/home/mayank/Desktop/rtlwifi_new/rtl8192de/.fw.o.cmd
phy.c,/home/mayank/Desktop/rtlwifi_new/rtl8192de/phy.c
table.o,/home/mayank/Desktop/rtlwifi_new/rtl8192de/table.o
sw.c,/home/mayank/Desktop/rtlwifi_new/rtl8192de/sw.c
Makefile,/home/mayank/Desktop/rtlwifi_new/rtl8192de/Makefile
hw.c,/home/mayank/Desktop/rtlwifi_new/rtl8192de/hw.c
debug.o,/home/mayank/Desktop/rtlwifi_new/debug.o
core.o,/home/mayank/Desktop/rtlwifi_new/core.o
rtl_usb.mod.c,/home/mayank/Desktop/rtlwifi_new/rtl_usb.mod.c
rtl_usb.ko,/home/mayank/Desktop/rtlwifi_new/rtl_usb.ko
rtl_usb.mod.o,/home/mayank/Desktop/rtlwifi_new/rtl_usb.mod.o
rtl8821ae.mod,/home/mayank/Desktop/rtlwifi_new/.tmp_versions/rtl8821ae.mod
rtl8723be.mod,/home/mayank/Desktop/rtlwifi_new/.tmp_versions/rtl8723be.mod
rtl8723ae.mod,/home/mayank/Desktop/rtlwifi_new/.tmp_versions/rtl8723ae.mod
rtl8192c-common.mod,/home/mayank/Desktop/rtlwifi_new/.tmp_versions/rtl8192c-common.mod
rtl8192de.mod,/home/mayank/Desktop/rtlwifi_new/.tmp_versions/rtl8192de.mod
rtl8192se.mod,/home/mayank/Desktop/rtlwifi_new/.tmp_versions/rtl8192se.mod
btcoexist.mod,/home/mayank/Desktop/rtlwifi_new/.tmp_versions/btcoexist.mod
rtl_usb.mod,/home/mayank/Desktop/rtlwifi_new/.tmp_versions/rtl_usb.mod
rtl_pci.mod,/home/mayank/Desktop/rtlwifi_new/.tmp_versions/rtl_pci.mod
rtl8192ce.mod,/home/mayank/Desktop/rtlwifi_new/.tmp_versions/rtl8192ce.mod
rtlwifi.mod,/home/mayank/Desktop/rtlwifi_new/.tmp_versions/rtlwifi.mod
rtl8192ee.mod,/home/mayank/Desktop/rtlwifi_new/.tmp_versions/rtl8192ee.mod
rtl8723-common.mod,/home/mayank/Desktop/rtlwifi_new/.tmp_versions/rtl8723-common.mod
rtl8188ee.mod,/home/mayank/Desktop/rtlwifi_new/.tmp_versions/rtl8188ee.mod
rtl8192cu.mod,/home/mayank/Desktop/rtlwifi_new/.tmp_versions/rtl8192cu.mod
usb.o,/home/mayank/Desktop/rtlwifi_new/usb.o
rtl_pci.mod.o,/home/mayank/Desktop/rtlwifi_new/rtl_pci.mod.o
.led.o.cmd,/home/mayank/Desktop/rtlwifi_new/rtl8192se/.led.o.cmd
sw.o,/home/mayank/Desktop/rtlwifi_new/rtl8192se/sw.o
.dm.o.cmd,/home/mayank/Desktop/rtlwifi_new/rtl8192se/.dm.o.cmd
hw.o,/home/mayank/Desktop/rtlwifi_new/rtl8192se/hw.o
phy.o.ur-safe,/home/mayank/Desktop/rtlwifi_new/rtl8192se/phy.o.ur-safe
.rtl8192se.o.cmd,/home/mayank/Desktop/rtlwifi_new/rtl8192se/.rtl8192se.o.cmd
led.h,/home/mayank/Desktop/rtlwifi_new/rtl8192se/led.h
def.h,/home/mayank/Desktop/rtlwifi_new/rtl8192se/def.h
trx.c,/home/mayank/Desktop/rtlwifi_new/rtl8192se/trx.c
dm.h,/home/mayank/Desktop/rtlwifi_new/rtl8192se/dm.h
fw.h,/home/mayank/Desktop/rtlwifi_new/rtl8192se/fw.h
trx.h,/home/mayank/Desktop/rtlwifi_new/rtl8192se/trx.h
.rtl8192se.mod.o.cmd,/home/mayank/Desktop/rtlwifi_new/rtl8192se/.rtl8192se.mod.o.cmd
dm.o,/home/mayank/Desktop/rtlwifi_new/rtl8192se/dm.o
led.c,/home/mayank/Desktop/rtlwifi_new/rtl8192se/led.c
.hw.o.cmd,/home/mayank/Desktop/rtlwifi_new/rtl8192se/.hw.o.cmd
rf.c,/home/mayank/Desktop/rtlwifi_new/rtl8192se/rf.c
fw.c,/home/mayank/Desktop/rtlwifi_new/rtl8192se/fw.c
hw.h,/home/mayank/Desktop/rtlwifi_new/rtl8192se/hw.h
rtl8192se.ko,/home/mayank/Desktop/rtlwifi_new/rtl8192se/rtl8192se.ko
trx.o,/home/mayank/Desktop/rtlwifi_new/rtl8192se/trx.o
.phy.o.cmd,/home/mayank/Desktop/rtlwifi_new/rtl8192se/.phy.o.cmd
.trx.o.cmd,/home/mayank/Desktop/rtlwifi_new/rtl8192se/.trx.o.cmd
.sw.o.cmd,/home/mayank/Desktop/rtlwifi_new/rtl8192se/.sw.o.cmd
phy.o,/home/mayank/Desktop/rtlwifi_new/rtl8192se/phy.o
table.h,/home/mayank/Desktop/rtlwifi_new/rtl8192se/table.h
rtl8192se.mod.o,/home/mayank/Desktop/rtlwifi_new/rtl8192se/rtl8192se.mod.o
modules.order,/home/mayank/Desktop/rtlwifi_new/rtl8192se/modules.order
led.o,/home/mayank/Desktop/rtlwifi_new/rtl8192se/led.o
rf.h,/home/mayank/Desktop/rtlwifi_new/rtl8192se/rf.h
table.c,/home/mayank/Desktop/rtlwifi_new/rtl8192se/table.c
fw.o,/home/mayank/Desktop/rtlwifi_new/rtl8192se/fw.o
rtl8192se.o,/home/mayank/Desktop/rtlwifi_new/rtl8192se/rtl8192se.o
reg.h,/home/mayank/Desktop/rtlwifi_new/rtl8192se/reg.h
rf.o,/home/mayank/Desktop/rtlwifi_new/rtl8192se/rf.o
sw.h,/home/mayank/Desktop/rtlwifi_new/rtl8192se/sw.h
.rf.o.cmd,/home/mayank/Desktop/rtlwifi_new/rtl8192se/.rf.o.cmd
dm.c,/home/mayank/Desktop/rtlwifi_new/rtl8192se/dm.c
phy.h,/home/mayank/Desktop/rtlwifi_new/rtl8192se/phy.h
rtl8192se.mod.c,/home/mayank/Desktop/rtlwifi_new/rtl8192se/rtl8192se.mod.c
.table.o.cmd,/home/mayank/Desktop/rtlwifi_new/rtl8192se/.table.o.cmd
.fw.o.cmd,/home/mayank/Desktop/rtlwifi_new/rtl8192se/.fw.o.cmd
phy.c,/home/mayank/Desktop/rtlwifi_new/rtl8192se/phy.c
table.o,/home/mayank/Desktop/rtlwifi_new/rtl8192se/table.o
sw.c,/home/mayank/Desktop/rtlwifi_new/rtl8192se/sw.c
Makefile,/home/mayank/Desktop/rtlwifi_new/rtl8192se/Makefile
hw.c,/home/mayank/Desktop/rtlwifi_new/rtl8192se/hw.c
hw.o.ur-safe,/home/mayank/Desktop/rtlwifi_new/rtl8192se/hw.o.ur-safe
.rtl8192se.ko.cmd,/home/mayank/Desktop/rtlwifi_new/rtl8192se/.rtl8192se.ko.cmd
.rtl_usb.mod.o.cmd,/home/mayank/Desktop/rtlwifi_new/.rtl_usb.mod.o.cmd
.stats.o.cmd,/home/mayank/Desktop/rtlwifi_new/.stats.o.cmd
regd.c,/home/mayank/Desktop/rtlwifi_new/regd.c
.rtl_usb.ko.cmd,/home/mayank/Desktop/rtlwifi_new/.rtl_usb.ko.cmd
pack-17761379398372942791a6dc78523d88501735fb.pack,/home/mayank/Desktop/rtlwifi_new/.git/objects/pack/pack-17761379398372942791a6dc78523d88501735fb.pack
pack-17761379398372942791a6dc78523d88501735fb.idx,/home/mayank/Desktop/rtlwifi_new/.git/objects/pack/pack-17761379398372942791a6dc78523d88501735fb.idx
index,/home/mayank/Desktop/rtlwifi_new/.git/index
packed-refs,/home/mayank/Desktop/rtlwifi_new/.git/packed-refs
master,/home/mayank/Desktop/rtlwifi_new/.git/refs/heads/master
HEAD,/home/mayank/Desktop/rtlwifi_new/.git/refs/remotes/origin/HEAD
config,/home/mayank/Desktop/rtlwifi_new/.git/config
exclude,/home/mayank/Desktop/rtlwifi_new/.git/info/exclude
master,/home/mayank/Desktop/rtlwifi_new/.git/logs/refs/heads/master
HEAD,/home/mayank/Desktop/rtlwifi_new/.git/logs/refs/remotes/origin/HEAD
HEAD,/home/mayank/Desktop/rtlwifi_new/.git/logs/HEAD
description,/home/mayank/Desktop/rtlwifi_new/.git/description
HEAD,/home/mayank/Desktop/rtlwifi_new/.git/HEAD
fsmonitor-watchman.sample,/home/mayank/Desktop/rtlwifi_new/.git/hooks/fsmonitor-watchman.sample
pre-receive.sample,/home/mayank/Desktop/rtlwifi_new/.git/hooks/pre-receive.sample
post-update.sample,/home/mayank/Desktop/rtlwifi_new/.git/hooks/post-update.sample
pre-push.sample,/home/mayank/Desktop/rtlwifi_new/.git/hooks/pre-push.sample
pre-rebase.sample,/home/mayank/Desktop/rtlwifi_new/.git/hooks/pre-rebase.sample
commit-msg.sample,/home/mayank/Desktop/rtlwifi_new/.git/hooks/commit-msg.sample
update.sample,/home/mayank/Desktop/rtlwifi_new/.git/hooks/update.sample
prepare-commit-msg.sample,/home/mayank/Desktop/rtlwifi_new/.git/hooks/prepare-commit-msg.sample
applypatch-msg.sample,/home/mayank/Desktop/rtlwifi_new/.git/hooks/applypatch-msg.sample
pre-applypatch.sample,/home/mayank/Desktop/rtlwifi_new/.git/hooks/pre-applypatch.sample
pre-commit.sample,/home/mayank/Desktop/rtlwifi_new/.git/hooks/pre-commit.sample
.led.o.cmd,/home/mayank/Desktop/rtlwifi_new/rtl8192ee/.led.o.cmd
sw.o,/home/mayank/Desktop/rtlwifi_new/rtl8192ee/sw.o
.dm.o.cmd,/home/mayank/Desktop/rtlwifi_new/rtl8192ee/.dm.o.cmd
hw.o,/home/mayank/Desktop/rtlwifi_new/rtl8192ee/hw.o
.rtl8192ee.mod.o.cmd,/home/mayank/Desktop/rtlwifi_new/rtl8192ee/.rtl8192ee.mod.o.cmd
.rtl8192ee.ko.cmd,/home/mayank/Desktop/rtlwifi_new/rtl8192ee/.rtl8192ee.ko.cmd
led.h,/home/mayank/Desktop/rtlwifi_new/rtl8192ee/led.h
pwrseq.o,/home/mayank/Desktop/rtlwifi_new/rtl8192ee/pwrseq.o
def.h,/home/mayank/Desktop/rtlwifi_new/rtl8192ee/def.h
trx.c,/home/mayank/Desktop/rtlwifi_new/rtl8192ee/trx.c
.rtl8192ee.o.cmd,/home/mayank/Desktop/rtlwifi_new/rtl8192ee/.rtl8192ee.o.cmd
dm.h,/home/mayank/Desktop/rtlwifi_new/rtl8192ee/dm.h
rtl8192ee.mod.c,/home/mayank/Desktop/rtlwifi_new/rtl8192ee/rtl8192ee.mod.c
pwrseqcmd.c,/home/mayank/Desktop/rtlwifi_new/rtl8192ee/pwrseqcmd.c
fw.h,/home/mayank/Desktop/rtlwifi_new/rtl8192ee/fw.h
trx.h,/home/mayank/Desktop/rtlwifi_new/rtl8192ee/trx.h
dm.o,/home/mayank/Desktop/rtlwifi_new/rtl8192ee/dm.o
led.c,/home/mayank/Desktop/rtlwifi_new/rtl8192ee/led.c
.hw.o.cmd,/home/mayank/Desktop/rtlwifi_new/rtl8192ee/.hw.o.cmd
rf.c,/home/mayank/Desktop/rtlwifi_new/rtl8192ee/rf.c
fw.c,/home/mayank/Desktop/rtlwifi_new/rtl8192ee/fw.c
hw.h,/home/mayank/Desktop/rtlwifi_new/rtl8192ee/hw.h
.pwrseqcmd.o.cmd,/home/mayank/Desktop/rtlwifi_new/rtl8192ee/.pwrseqcmd.o.cmd
pwrseqcmd.o,/home/mayank/Desktop/rtlwifi_new/rtl8192ee/pwrseqcmd.o
trx.o,/home/mayank/Desktop/rtlwifi_new/rtl8192ee/trx.o
.phy.o.cmd,/home/mayank/Desktop/rtlwifi_new/rtl8192ee/.phy.o.cmd
.trx.o.cmd,/home/mayank/Desktop/rtlwifi_new/rtl8192ee/.trx.o.cmd
pwrseq.c,/home/mayank/Desktop/rtlwifi_new/rtl8192ee/pwrseq.c
pwrseq.h,/home/mayank/Desktop/rtlwifi_new/rtl8192ee/pwrseq.h
rtl8192ee.o,/home/mayank/Desktop/rtlwifi_new/rtl8192ee/rtl8192ee.o
.sw.o.cmd,/home/mayank/Desktop/rtlwifi_new/rtl8192ee/.sw.o.cmd
phy.o,/home/mayank/Desktop/rtlwifi_new/rtl8192ee/phy.o
rtl8192ee.mod.o,/home/mayank/Desktop/rtlwifi_new/rtl8192ee/rtl8192ee.mod.o
table.h,/home/mayank/Desktop/rtlwifi_new/rtl8192ee/table.h
modules.order,/home/mayank/Desktop/rtlwifi_new/rtl8192ee/modules.order
led.o,/home/mayank/Desktop/rtlwifi_new/rtl8192ee/led.o
rf.h,/home/mayank/Desktop/rtlwifi_new/rtl8192ee/rf.h
table.c,/home/mayank/Desktop/rtlwifi_new/rtl8192ee/table.c
fw.o,/home/mayank/Desktop/rtlwifi_new/rtl8192ee/fw.o
reg.h,/home/mayank/Desktop/rtlwifi_new/rtl8192ee/reg.h
rf.o,/home/mayank/Desktop/rtlwifi_new/rtl8192ee/rf.o
sw.h,/home/mayank/Desktop/rtlwifi_new/rtl8192ee/sw.h
pwrseqcmd.h,/home/mayank/Desktop/rtlwifi_new/rtl8192ee/pwrseqcmd.h
.rf.o.cmd,/home/mayank/Desktop/rtlwifi_new/rtl8192ee/.rf.o.cmd
dm.c,/home/mayank/Desktop/rtlwifi_new/rtl8192ee/dm.c
dm.o.ur-safe,/home/mayank/Desktop/rtlwifi_new/rtl8192ee/dm.o.ur-safe
rtl8192ee.ko,/home/mayank/Desktop/rtlwifi_new/rtl8192ee/rtl8192ee.ko
phy.h,/home/mayank/Desktop/rtlwifi_new/rtl8192ee/phy.h
.pwrseq.o.cmd,/home/mayank/Desktop/rtlwifi_new/rtl8192ee/.pwrseq.o.cmd
.table.o.cmd,/home/mayank/Desktop/rtlwifi_new/rtl8192ee/.table.o.cmd
.fw.o.cmd,/home/mayank/Desktop/rtlwifi_new/rtl8192ee/.fw.o.cmd
phy.c,/home/mayank/Desktop/rtlwifi_new/rtl8192ee/phy.c
table.o,/home/mayank/Desktop/rtlwifi_new/rtl8192ee/table.o
sw.c,/home/mayank/Desktop/rtlwifi_new/rtl8192ee/sw.c
Makefile,/home/mayank/Desktop/rtlwifi_new/rtl8192ee/Makefile
hw.c,/home/mayank/Desktop/rtlwifi_new/rtl8192ee/hw.c
usb.c,/home/mayank/Desktop/rtlwifi_new/usb.c
debug.h,/home/mayank/Desktop/rtlwifi_new/debug.h
pci.o,/home/mayank/Desktop/rtlwifi_new/pci.o
pci.o.ur-safe,/home/mayank/Desktop/rtlwifi_new/pci.o.ur-safe
.halbtc8192e2ant.o.cmd,/home/mayank/Desktop/rtlwifi_new/btcoexist/.halbtc8192e2ant.o.cmd
rtl_btc.c,/home/mayank/Desktop/rtlwifi_new/btcoexist/rtl_btc.c
btcoexist.mod.o,/home/mayank/Desktop/rtlwifi_new/btcoexist/btcoexist.mod.o
halbtcoutsrc.o,/home/mayank/Desktop/rtlwifi_new/btcoexist/halbtcoutsrc.o
halbtc8821a1ant.h,/home/mayank/Desktop/rtlwifi_new/btcoexist/halbtc8821a1ant.h
halbtc8192e2ant.c,/home/mayank/Desktop/rtlwifi_new/btcoexist/halbtc8192e2ant.c
halbtc8821a1ant.o,/home/mayank/Desktop/rtlwifi_new/btcoexist/halbtc8821a1ant.o
halbtc8821a1ant.c,/home/mayank/Desktop/rtlwifi_new/btcoexist/halbtc8821a1ant.c
halbtc8821a2ant.c,/home/mayank/Desktop/rtlwifi_new/btcoexist/halbtc8821a2ant.c
halbtcoutsrc.h,/home/mayank/Desktop/rtlwifi_new/btcoexist/halbtcoutsrc.h
.halbtcoutsrc.o.cmd,/home/mayank/Desktop/rtlwifi_new/btcoexist/.halbtcoutsrc.o.cmd
rtl_btc.o,/home/mayank/Desktop/rtlwifi_new/btcoexist/rtl_btc.o
.halbtc8821a1ant.o.cmd,/home/mayank/Desktop/rtlwifi_new/btcoexist/.halbtc8821a1ant.o.cmd
btcoexist.mod.c,/home/mayank/Desktop/rtlwifi_new/btcoexist/btcoexist.mod.c
.btcoexist.mod.o.cmd,/home/mayank/Desktop/rtlwifi_new/btcoexist/.btcoexist.mod.o.cmd
halbtc8821a2ant.o,/home/mayank/Desktop/rtlwifi_new/btcoexist/halbtc8821a2ant.o
halbtc8192e2ant.h,/home/mayank/Desktop/rtlwifi_new/btcoexist/halbtc8192e2ant.h
.btcoexist.o.cmd,/home/mayank/Desktop/rtlwifi_new/btcoexist/.btcoexist.o.cmd
halbtc8723b2ant.o,/home/mayank/Desktop/rtlwifi_new/btcoexist/halbtc8723b2ant.o
modules.order,/home/mayank/Desktop/rtlwifi_new/btcoexist/modules.order
halbtc8192e2ant.o,/home/mayank/Desktop/rtlwifi_new/btcoexist/halbtc8192e2ant.o
btcoexist.ko,/home/mayank/Desktop/rtlwifi_new/btcoexist/btcoexist.ko
halbtc8812a_ext.c,/home/mayank/Desktop/rtlwifi_new/btcoexist/halbtc8812a_ext.c
halbtcoutsrc.c,/home/mayank/Desktop/rtlwifi_new/btcoexist/halbtcoutsrc.c
.halbtc8821a2ant.o.cmd,/home/mayank/Desktop/rtlwifi_new/btcoexist/.halbtc8821a2ant.o.cmd
rtl_btc.h,/home/mayank/Desktop/rtlwifi_new/btcoexist/rtl_btc.h
.halbtc8723b1ant.o.cmd,/home/mayank/Desktop/rtlwifi_new/btcoexist/.halbtc8723b1ant.o.cmd
.rtl_btc.o.cmd,/home/mayank/Desktop/rtlwifi_new/btcoexist/.rtl_btc.o.cmd
halbt_precomp.h,/home/mayank/Desktop/rtlwifi_new/btcoexist/halbt_precomp.h
halbtc8723b1ant.h,/home/mayank/Desktop/rtlwifi_new/btcoexist/halbtc8723b1ant.h
halbtc8821a2ant.h,/home/mayank/Desktop/rtlwifi_new/btcoexist/halbtc8821a2ant.h
halbtc8723b2ant.c,/home/mayank/Desktop/rtlwifi_new/btcoexist/halbtc8723b2ant.c
.halbtc8723b2ant.o.cmd,/home/mayank/Desktop/rtlwifi_new/btcoexist/.halbtc8723b2ant.o.cmd
halbtc8723b1ant.o,/home/mayank/Desktop/rtlwifi_new/btcoexist/halbtc8723b1ant.o
btcoexist.o,/home/mayank/Desktop/rtlwifi_new/btcoexist/btcoexist.o
.btcoexist.ko.cmd,/home/mayank/Desktop/rtlwifi_new/btcoexist/.btcoexist.ko.cmd
Makefile,/home/mayank/Desktop/rtlwifi_new/btcoexist/Makefile
halbtc8723b2ant.h,/home/mayank/Desktop/rtlwifi_new/btcoexist/halbtc8723b2ant.h
halbtc8723b1ant.c,/home/mayank/Desktop/rtlwifi_new/btcoexist/halbtc8723b1ant.c
stats.c,/home/mayank/Desktop/rtlwifi_new/stats.c
efuse.c,/home/mayank/Desktop/rtlwifi_new/efuse.c
.pci.o.cmd,/home/mayank/Desktop/rtlwifi_new/.pci.o.cmd
rtlwifi.o,/home/mayank/Desktop/rtlwifi_new/rtlwifi.o
rtlwifi.ko,/home/mayank/Desktop/rtlwifi_new/rtlwifi.ko
base.c,/home/mayank/Desktop/rtlwifi_new/base.c
stats.o,/home/mayank/Desktop/rtlwifi_new/stats.o
modules.order,/home/mayank/Desktop/rtlwifi_new/modules.order
.ps.o.cmd,/home/mayank/Desktop/rtlwifi_new/.ps.o.cmd
cam.c,/home/mayank/Desktop/rtlwifi_new/cam.c
.gitignore,/home/mayank/Desktop/rtlwifi_new/.gitignore
ps.o,/home/mayank/Desktop/rtlwifi_new/ps.o
.rc.o.cmd,/home/mayank/Desktop/rtlwifi_new/.rc.o.cmd
.base.o.cmd,/home/mayank/Desktop/rtlwifi_new/.base.o.cmd
cam.h,/home/mayank/Desktop/rtlwifi_new/cam.h
rtlwifi.mod.o,/home/mayank/Desktop/rtlwifi_new/rtlwifi.mod.o
ps.o.ur-safe,/home/mayank/Desktop/rtlwifi_new/ps.o.ur-safe
pci.h,/home/mayank/Desktop/rtlwifi_new/pci.h
rc.c,/home/mayank/Desktop/rtlwifi_new/rc.c
.cache.mk,/home/mayank/Desktop/rtlwifi_new/.cache.mk
.led.o.cmd,/home/mayank/Desktop/rtlwifi_new/rtl8192cu/.led.o.cmd
sw.o,/home/mayank/Desktop/rtlwifi_new/rtl8192cu/sw.o
.mac.o.cmd,/home/mayank/Desktop/rtlwifi_new/rtl8192cu/.mac.o.cmd
.dm.o.cmd,/home/mayank/Desktop/rtlwifi_new/rtl8192cu/.dm.o.cmd
hw.o,/home/mayank/Desktop/rtlwifi_new/rtl8192cu/hw.o
rtl8192cu.mod.o,/home/mayank/Desktop/rtlwifi_new/rtl8192cu/rtl8192cu.mod.o
led.h,/home/mayank/Desktop/rtlwifi_new/rtl8192cu/led.h
.rtl8192cu.mod.o.cmd,/home/mayank/Desktop/rtlwifi_new/rtl8192cu/.rtl8192cu.mod.o.cmd
def.h,/home/mayank/Desktop/rtlwifi_new/rtl8192cu/def.h
trx.c,/home/mayank/Desktop/rtlwifi_new/rtl8192cu/trx.c
dm.h,/home/mayank/Desktop/rtlwifi_new/rtl8192cu/dm.h
trx.h,/home/mayank/Desktop/rtlwifi_new/rtl8192cu/trx.h
dm.o,/home/mayank/Desktop/rtlwifi_new/rtl8192cu/dm.o
led.c,/home/mayank/Desktop/rtlwifi_new/rtl8192cu/led.c
.hw.o.cmd,/home/mayank/Desktop/rtlwifi_new/rtl8192cu/.hw.o.cmd
rtl8192cu.o,/home/mayank/Desktop/rtlwifi_new/rtl8192cu/rtl8192cu.o
rf.c,/home/mayank/Desktop/rtlwifi_new/rtl8192cu/rf.c
mac.h,/home/mayank/Desktop/rtlwifi_new/rtl8192cu/mac.h
hw.h,/home/mayank/Desktop/rtlwifi_new/rtl8192cu/hw.h
rtl8192cu.ko,/home/mayank/Desktop/rtlwifi_new/rtl8192cu/rtl8192cu.ko
.rtl8192cu.ko.cmd,/home/mayank/Desktop/rtlwifi_new/rtl8192cu/.rtl8192cu.ko.cmd
.rtl8192cu.o.cmd,/home/mayank/Desktop/rtlwifi_new/rtl8192cu/.rtl8192cu.o.cmd
trx.o,/home/mayank/Desktop/rtlwifi_new/rtl8192cu/trx.o
.phy.o.cmd,/home/mayank/Desktop/rtlwifi_new/rtl8192cu/.phy.o.cmd
.trx.o.cmd,/home/mayank/Desktop/rtlwifi_new/rtl8192cu/.trx.o.cmd
.sw.o.cmd,/home/mayank/Desktop/rtlwifi_new/rtl8192cu/.sw.o.cmd
phy.o,/home/mayank/Desktop/rtlwifi_new/rtl8192cu/phy.o
table.h,/home/mayank/Desktop/rtlwifi_new/rtl8192cu/table.h
modules.order,/home/mayank/Desktop/rtlwifi_new/rtl8192cu/modules.order
led.o,/home/mayank/Desktop/rtlwifi_new/rtl8192cu/led.o
rf.h,/home/mayank/Desktop/rtlwifi_new/rtl8192cu/rf.h
table.c,/home/mayank/Desktop/rtlwifi_new/rtl8192cu/table.c
reg.h,/home/mayank/Desktop/rtlwifi_new/rtl8192cu/reg.h
rf.o,/home/mayank/Desktop/rtlwifi_new/rtl8192cu/rf.o
sw.h,/home/mayank/Desktop/rtlwifi_new/rtl8192cu/sw.h
.rf.o.cmd,/home/mayank/Desktop/rtlwifi_new/rtl8192cu/.rf.o.cmd
dm.c,/home/mayank/Desktop/rtlwifi_new/rtl8192cu/dm.c
mac.o,/home/mayank/Desktop/rtlwifi_new/rtl8192cu/mac.o
mac.c,/home/mayank/Desktop/rtlwifi_new/rtl8192cu/mac.c
phy.h,/home/mayank/Desktop/rtlwifi_new/rtl8192cu/phy.h
rtl8192cu.mod.c,/home/mayank/Desktop/rtlwifi_new/rtl8192cu/rtl8192cu.mod.c
.table.o.cmd,/home/mayank/Desktop/rtlwifi_new/rtl8192cu/.table.o.cmd
phy.c,/home/mayank/Desktop/rtlwifi_new/rtl8192cu/phy.c
table.o,/home/mayank/Desktop/rtlwifi_new/rtl8192cu/table.o
sw.c,/home/mayank/Desktop/rtlwifi_new/rtl8192cu/sw.c
Makefile,/home/mayank/Desktop/rtlwifi_new/rtl8192cu/Makefile
hw.c,/home/mayank/Desktop/rtlwifi_new/rtl8192cu/hw.c
hw.o.ur-safe,/home/mayank/Desktop/rtlwifi_new/rtl8192cu/hw.o.ur-safe
.efuse.o.cmd,/home/mayank/Desktop/rtlwifi_new/.efuse.o.cmd
core.c,/home/mayank/Desktop/rtlwifi_new/core.c
rc.o,/home/mayank/Desktop/rtlwifi_new/rc.o
.fw_common.o.cmd,/home/mayank/Desktop/rtlwifi_new/rtl8723com/.fw_common.o.cmd
fw_common.h,/home/mayank/Desktop/rtlwifi_new/rtl8723com/fw_common.h
dm_common.o,/home/mayank/Desktop/rtlwifi_new/rtl8723com/dm_common.o
main.o,/home/mayank/Desktop/rtlwifi_new/rtl8723com/main.o
rtl8723-common.mod.o,/home/mayank/Desktop/rtlwifi_new/rtl8723com/rtl8723-common.mod.o
rtl8723-common.ko,/home/mayank/Desktop/rtlwifi_new/rtl8723com/rtl8723-common.ko
.rtl8723-common.o.cmd,/home/mayank/Desktop/rtlwifi_new/rtl8723com/.rtl8723-common.o.cmd
.rtl8723-common.mod.o.cmd,/home/mayank/Desktop/rtlwifi_new/rtl8723com/.rtl8723-common.mod.o.cmd
.rtl8723-common.ko.cmd,/home/mayank/Desktop/rtlwifi_new/rtl8723com/.rtl8723-common.ko.cmd
fw_common.c,/home/mayank/Desktop/rtlwifi_new/rtl8723com/fw_common.c
phy_common.h,/home/mayank/Desktop/rtlwifi_new/rtl8723com/phy_common.h
.dm_common.o.cmd,/home/mayank/Desktop/rtlwifi_new/rtl8723com/.dm_common.o.cmd
dm_common.h,/home/mayank/Desktop/rtlwifi_new/rtl8723com/dm_common.h
modules.order,/home/mayank/Desktop/rtlwifi_new/rtl8723com/modules.order
rtl8723-common.o,/home/mayank/Desktop/rtlwifi_new/rtl8723com/rtl8723-common.o
dm_common.c,/home/mayank/Desktop/rtlwifi_new/rtl8723com/dm_common.c
phy_common.o,/home/mayank/Desktop/rtlwifi_new/rtl8723com/phy_common.o
main.c,/home/mayank/Desktop/rtlwifi_new/rtl8723com/main.c
fw_common.o,/home/mayank/Desktop/rtlwifi_new/rtl8723com/fw_common.o
.main.o.cmd,/home/mayank/Desktop/rtlwifi_new/rtl8723com/.main.o.cmd
phy_common.c,/home/mayank/Desktop/rtlwifi_new/rtl8723com/phy_common.c
.phy_common.o.cmd,/home/mayank/Desktop/rtlwifi_new/rtl8723com/.phy_common.o.cmd
rtl8723-common.mod.c,/home/mayank/Desktop/rtlwifi_new/rtl8723com/rtl8723-common.mod.c
Makefile,/home/mayank/Desktop/rtlwifi_new/rtl8723com/Makefile
rtl_pci.mod.c,/home/mayank/Desktop/rtlwifi_new/rtl_pci.mod.c
pwrseqcmd.h,/home/mayank/Desktop/rtlwifi_new/pwrseqcmd.h
rtl8192c-common.mod.c,/home/mayank/Desktop/rtlwifi_new/rtl8192c/rtl8192c-common.mod.c
.fw_common.o.cmd,/home/mayank/Desktop/rtlwifi_new/rtl8192c/.fw_common.o.cmd
fw_common.h,/home/mayank/Desktop/rtlwifi_new/rtl8192c/fw_common.h
dm_common.o,/home/mayank/Desktop/rtlwifi_new/rtl8192c/dm_common.o
main.o,/home/mayank/Desktop/rtlwifi_new/rtl8192c/main.o
.rtl8192c-common.o.cmd,/home/mayank/Desktop/rtlwifi_new/rtl8192c/.rtl8192c-common.o.cmd
rtl8192c-common.mod.o,/home/mayank/Desktop/rtlwifi_new/rtl8192c/rtl8192c-common.mod.o
fw_common.c,/home/mayank/Desktop/rtlwifi_new/rtl8192c/fw_common.c
phy_common.h,/home/mayank/Desktop/rtlwifi_new/rtl8192c/phy_common.h
.dm_common.o.cmd,/home/mayank/Desktop/rtlwifi_new/rtl8192c/.dm_common.o.cmd
.rtl8192c-common.mod.o.cmd,/home/mayank/Desktop/rtlwifi_new/rtl8192c/.rtl8192c-common.mod.o.cmd
dm_common.h,/home/mayank/Desktop/rtlwifi_new/rtl8192c/dm_common.h
modules.order,/home/mayank/Desktop/rtlwifi_new/rtl8192c/modules.order
.rtl8192c-common.ko.cmd,/home/mayank/Desktop/rtlwifi_new/rtl8192c/.rtl8192c-common.ko.cmd
dm_common.c,/home/mayank/Desktop/rtlwifi_new/rtl8192c/dm_common.c
phy_common.o,/home/mayank/Desktop/rtlwifi_new/rtl8192c/phy_common.o
main.c,/home/mayank/Desktop/rtlwifi_new/rtl8192c/main.c
fw_common.o,/home/mayank/Desktop/rtlwifi_new/rtl8192c/fw_common.o
.main.o.cmd,/home/mayank/Desktop/rtlwifi_new/rtl8192c/.main.o.cmd
phy_common.c,/home/mayank/Desktop/rtlwifi_new/rtl8192c/phy_common.c
rtl8192c-common.o,/home/mayank/Desktop/rtlwifi_new/rtl8192c/rtl8192c-common.o
.phy_common.o.cmd,/home/mayank/Desktop/rtlwifi_new/rtl8192c/.phy_common.o.cmd
rtl8192c-common.ko,/home/mayank/Desktop/rtlwifi_new/rtl8192c/rtl8192c-common.ko
Makefile,/home/mayank/Desktop/rtlwifi_new/rtl8192c/Makefile
base.o,/home/mayank/Desktop/rtlwifi_new/base.o
.rtl_pci.mod.o.cmd,/home/mayank/Desktop/rtlwifi_new/.rtl_pci.mod.o.cmd
README.md,/home/mayank/Desktop/rtlwifi_new/README.md
efuse.h,/home/mayank/Desktop/rtlwifi_new/efuse.h
base.h,/home/mayank/Desktop/rtlwifi_new/base.h
.led.o.cmd,/home/mayank/Desktop/rtlwifi_new/rtl8821ae/.led.o.cmd
rtl8821ae.mod.o,/home/mayank/Desktop/rtlwifi_new/rtl8821ae/rtl8821ae.mod.o
sw.o,/home/mayank/Desktop/rtlwifi_new/rtl8821ae/sw.o
.dm.o.cmd,/home/mayank/Desktop/rtlwifi_new/rtl8821ae/.dm.o.cmd
hw.o,/home/mayank/Desktop/rtlwifi_new/rtl8821ae/hw.o
.rtl8821ae.o.cmd,/home/mayank/Desktop/rtlwifi_new/rtl8821ae/.rtl8821ae.o.cmd
phy.o.ur-safe,/home/mayank/Desktop/rtlwifi_new/rtl8821ae/phy.o.ur-safe
led.h,/home/mayank/Desktop/rtlwifi_new/rtl8821ae/led.h
pwrseq.o,/home/mayank/Desktop/rtlwifi_new/rtl8821ae/pwrseq.o
def.h,/home/mayank/Desktop/rtlwifi_new/rtl8821ae/def.h
trx.c,/home/mayank/Desktop/rtlwifi_new/rtl8821ae/trx.c
.rtl8821ae.ko.cmd,/home/mayank/Desktop/rtlwifi_new/rtl8821ae/.rtl8821ae.ko.cmd
dm.h,/home/mayank/Desktop/rtlwifi_new/rtl8821ae/dm.h
pwrseqcmd.c,/home/mayank/Desktop/rtlwifi_new/rtl8821ae/pwrseqcmd.c
fw.h,/home/mayank/Desktop/rtlwifi_new/rtl8821ae/fw.h
trx.h,/home/mayank/Desktop/rtlwifi_new/rtl8821ae/trx.h
dm.o,/home/mayank/Desktop/rtlwifi_new/rtl8821ae/dm.o
rtl8821ae.o,/home/mayank/Desktop/rtlwifi_new/rtl8821ae/rtl8821ae.o
led.c,/home/mayank/Desktop/rtlwifi_new/rtl8821ae/led.c
.hw.o.cmd,/home/mayank/Desktop/rtlwifi_new/rtl8821ae/.hw.o.cmd
rtl8821ae.ko,/home/mayank/Desktop/rtlwifi_new/rtl8821ae/rtl8821ae.ko
rf.c,/home/mayank/Desktop/rtlwifi_new/rtl8821ae/rf.c
fw.c,/home/mayank/Desktop/rtlwifi_new/rtl8821ae/fw.c
hw.h,/home/mayank/Desktop/rtlwifi_new/rtl8821ae/hw.h
.pwrseqcmd.o.cmd,/home/mayank/Desktop/rtlwifi_new/rtl8821ae/.pwrseqcmd.o.cmd
pwrseqcmd.o,/home/mayank/Desktop/rtlwifi_new/rtl8821ae/pwrseqcmd.o
rtl8821ae.mod.c,/home/mayank/Desktop/rtlwifi_new/rtl8821ae/rtl8821ae.mod.c
trx.o,/home/mayank/Desktop/rtlwifi_new/rtl8821ae/trx.o
.phy.o.cmd,/home/mayank/Desktop/rtlwifi_new/rtl8821ae/.phy.o.cmd
.trx.o.cmd,/home/mayank/Desktop/rtlwifi_new/rtl8821ae/.trx.o.cmd
pwrseq.c,/home/mayank/Desktop/rtlwifi_new/rtl8821ae/pwrseq.c
pwrseq.h,/home/mayank/Desktop/rtlwifi_new/rtl8821ae/pwrseq.h
.sw.o.cmd,/home/mayank/Desktop/rtlwifi_new/rtl8821ae/.sw.o.cmd
phy.o,/home/mayank/Desktop/rtlwifi_new/rtl8821ae/phy.o
table.h,/home/mayank/Desktop/rtlwifi_new/rtl8821ae/table.h
modules.order,/home/mayank/Desktop/rtlwifi_new/rtl8821ae/modules.order
led.o,/home/mayank/Desktop/rtlwifi_new/rtl8821ae/led.o
rf.h,/home/mayank/Desktop/rtlwifi_new/rtl8821ae/rf.h
table.c,/home/mayank/Desktop/rtlwifi_new/rtl8821ae/table.c
fw.o,/home/mayank/Desktop/rtlwifi_new/rtl8821ae/fw.o
reg.h,/home/mayank/Desktop/rtlwifi_new/rtl8821ae/reg.h
rf.o,/home/mayank/Desktop/rtlwifi_new/rtl8821ae/rf.o
sw.h,/home/mayank/Desktop/rtlwifi_new/rtl8821ae/sw.h
pwrseqcmd.h,/home/mayank/Desktop/rtlwifi_new/rtl8821ae/pwrseqcmd.h
.rf.o.cmd,/home/mayank/Desktop/rtlwifi_new/rtl8821ae/.rf.o.cmd
dm.c,/home/mayank/Desktop/rtlwifi_new/rtl8821ae/dm.c
dm.o.ur-safe,/home/mayank/Desktop/rtlwifi_new/rtl8821ae/dm.o.ur-safe
.rtl8821ae.mod.o.cmd,/home/mayank/Desktop/rtlwifi_new/rtl8821ae/.rtl8821ae.mod.o.cmd
phy.h,/home/mayank/Desktop/rtlwifi_new/rtl8821ae/phy.h
.pwrseq.o.cmd,/home/mayank/Desktop/rtlwifi_new/rtl8821ae/.pwrseq.o.cmd
.table.o.cmd,/home/mayank/Desktop/rtlwifi_new/rtl8821ae/.table.o.cmd
.fw.o.cmd,/home/mayank/Desktop/rtlwifi_new/rtl8821ae/.fw.o.cmd
phy.c,/home/mayank/Desktop/rtlwifi_new/rtl8821ae/phy.c
table.o,/home/mayank/Desktop/rtlwifi_new/rtl8821ae/table.o
sw.c,/home/mayank/Desktop/rtlwifi_new/rtl8821ae/sw.c
Makefile,/home/mayank/Desktop/rtlwifi_new/rtl8821ae/Makefile
hw.c,/home/mayank/Desktop/rtlwifi_new/rtl8821ae/hw.c
hw.o.ur-safe,/home/mayank/Desktop/rtlwifi_new/rtl8821ae/hw.o.ur-safe
.led.o.cmd,/home/mayank/Desktop/rtlwifi_new/rtl8188ee/.led.o.cmd
.rtl8188ee.o.cmd,/home/mayank/Desktop/rtlwifi_new/rtl8188ee/.rtl8188ee.o.cmd
sw.o,/home/mayank/Desktop/rtlwifi_new/rtl8188ee/sw.o
.dm.o.cmd,/home/mayank/Desktop/rtlwifi_new/rtl8188ee/.dm.o.cmd
rtl8188ee.mod.o,/home/mayank/Desktop/rtlwifi_new/rtl8188ee/rtl8188ee.mod.o
hw.o,/home/mayank/Desktop/rtlwifi_new/rtl8188ee/hw.o
.rtl8188ee.ko.cmd,/home/mayank/Desktop/rtlwifi_new/rtl8188ee/.rtl8188ee.ko.cmd
led.h,/home/mayank/Desktop/rtlwifi_new/rtl8188ee/led.h
pwrseq.o,/home/mayank/Desktop/rtlwifi_new/rtl8188ee/pwrseq.o
def.h,/home/mayank/Desktop/rtlwifi_new/rtl8188ee/def.h
trx.c,/home/mayank/Desktop/rtlwifi_new/rtl8188ee/trx.c
dm.h,/home/mayank/Desktop/rtlwifi_new/rtl8188ee/dm.h
rtl8188ee.ko,/home/mayank/Desktop/rtlwifi_new/rtl8188ee/rtl8188ee.ko
pwrseqcmd.c,/home/mayank/Desktop/rtlwifi_new/rtl8188ee/pwrseqcmd.c
fw.h,/home/mayank/Desktop/rtlwifi_new/rtl8188ee/fw.h
trx.h,/home/mayank/Desktop/rtlwifi_new/rtl8188ee/trx.h
dm.o,/home/mayank/Desktop/rtlwifi_new/rtl8188ee/dm.o
led.c,/home/mayank/Desktop/rtlwifi_new/rtl8188ee/led.c
.hw.o.cmd,/home/mayank/Desktop/rtlwifi_new/rtl8188ee/.hw.o.cmd
rf.c,/home/mayank/Desktop/rtlwifi_new/rtl8188ee/rf.c
fw.c,/home/mayank/Desktop/rtlwifi_new/rtl8188ee/fw.c
hw.h,/home/mayank/Desktop/rtlwifi_new/rtl8188ee/hw.h
.pwrseqcmd.o.cmd,/home/mayank/Desktop/rtlwifi_new/rtl8188ee/.pwrseqcmd.o.cmd
pwrseqcmd.o,/home/mayank/Desktop/rtlwifi_new/rtl8188ee/pwrseqcmd.o
trx.o,/home/mayank/Desktop/rtlwifi_new/rtl8188ee/trx.o
.phy.o.cmd,/home/mayank/Desktop/rtlwifi_new/rtl8188ee/.phy.o.cmd
.trx.o.cmd,/home/mayank/Desktop/rtlwifi_new/rtl8188ee/.trx.o.cmd
pwrseq.c,/home/mayank/Desktop/rtlwifi_new/rtl8188ee/pwrseq.c
pwrseq.h,/home/mayank/Desktop/rtlwifi_new/rtl8188ee/pwrseq.h
rtl8188ee.o,/home/mayank/Desktop/rtlwifi_new/rtl8188ee/rtl8188ee.o
.sw.o.cmd,/home/mayank/Desktop/rtlwifi_new/rtl8188ee/.sw.o.cmd
.rtl8188ee.mod.o.cmd,/home/mayank/Desktop/rtlwifi_new/rtl8188ee/.rtl8188ee.mod.o.cmd
phy.o,/home/mayank/Desktop/rtlwifi_new/rtl8188ee/phy.o
table.h,/home/mayank/Desktop/rtlwifi_new/rtl8188ee/table.h
modules.order,/home/mayank/Desktop/rtlwifi_new/rtl8188ee/modules.order
led.o,/home/mayank/Desktop/rtlwifi_new/rtl8188ee/led.o
rf.h,/home/mayank/Desktop/rtlwifi_new/rtl8188ee/rf.h
table.c,/home/mayank/Desktop/rtlwifi_new/rtl8188ee/table.c
fw.o,/home/mayank/Desktop/rtlwifi_new/rtl8188ee/fw.o
reg.h,/home/mayank/Desktop/rtlwifi_new/rtl8188ee/reg.h
rf.o,/home/mayank/Desktop/rtlwifi_new/rtl8188ee/rf.o
sw.h,/home/mayank/Desktop/rtlwifi_new/rtl8188ee/sw.h
pwrseqcmd.h,/home/mayank/Desktop/rtlwifi_new/rtl8188ee/pwrseqcmd.h
.rf.o.cmd,/home/mayank/Desktop/rtlwifi_new/rtl8188ee/.rf.o.cmd
dm.c,/home/mayank/Desktop/rtlwifi_new/rtl8188ee/dm.c
rtl8188ee.mod.c,/home/mayank/Desktop/rtlwifi_new/rtl8188ee/rtl8188ee.mod.c
dm.o.ur-safe,/home/mayank/Desktop/rtlwifi_new/rtl8188ee/dm.o.ur-safe
phy.h,/home/mayank/Desktop/rtlwifi_new/rtl8188ee/phy.h
.pwrseq.o.cmd,/home/mayank/Desktop/rtlwifi_new/rtl8188ee/.pwrseq.o.cmd
.table.o.cmd,/home/mayank/Desktop/rtlwifi_new/rtl8188ee/.table.o.cmd
.fw.o.cmd,/home/mayank/Desktop/rtlwifi_new/rtl8188ee/.fw.o.cmd
phy.c,/home/mayank/Desktop/rtlwifi_new/rtl8188ee/phy.c
table.o,/home/mayank/Desktop/rtlwifi_new/rtl8188ee/table.o
sw.c,/home/mayank/Desktop/rtlwifi_new/rtl8188ee/sw.c
Makefile,/home/mayank/Desktop/rtlwifi_new/rtl8188ee/Makefile
hw.c,/home/mayank/Desktop/rtlwifi_new/rtl8188ee/hw.c
hw.o.ur-safe,/home/mayank/Desktop/rtlwifi_new/rtl8188ee/hw.o.ur-safe
efuse.o,/home/mayank/Desktop/rtlwifi_new/efuse.o
pci.c,/home/mayank/Desktop/rtlwifi_new/pci.c
ps.c,/home/mayank/Desktop/rtlwifi_new/ps.c
.led.o.cmd,/home/mayank/Desktop/rtlwifi_new/rtl8192ce/.led.o.cmd
sw.o,/home/mayank/Desktop/rtlwifi_new/rtl8192ce/sw.o
.dm.o.cmd,/home/mayank/Desktop/rtlwifi_new/rtl8192ce/.dm.o.cmd
hw.o,/home/mayank/Desktop/rtlwifi_new/rtl8192ce/hw.o
phy.o.ur-safe,/home/mayank/Desktop/rtlwifi_new/rtl8192ce/phy.o.ur-safe
rtl8192ce.mod.o,/home/mayank/Desktop/rtlwifi_new/rtl8192ce/rtl8192ce.mod.o
led.h,/home/mayank/Desktop/rtlwifi_new/rtl8192ce/led.h
def.h,/home/mayank/Desktop/rtlwifi_new/rtl8192ce/def.h
trx.c,/home/mayank/Desktop/rtlwifi_new/rtl8192ce/trx.c
dm.h,/home/mayank/Desktop/rtlwifi_new/rtl8192ce/dm.h
fw.h,/home/mayank/Desktop/rtlwifi_new/rtl8192ce/fw.h
trx.h,/home/mayank/Desktop/rtlwifi_new/rtl8192ce/trx.h
dm.o,/home/mayank/Desktop/rtlwifi_new/rtl8192ce/dm.o
led.c,/home/mayank/Desktop/rtlwifi_new/rtl8192ce/led.c
.hw.o.cmd,/home/mayank/Desktop/rtlwifi_new/rtl8192ce/.hw.o.cmd
rf.c,/home/mayank/Desktop/rtlwifi_new/rtl8192ce/rf.c
fw.c,/home/mayank/Desktop/rtlwifi_new/rtl8192ce/fw.c
rtl8192ce.o,/home/mayank/Desktop/rtlwifi_new/rtl8192ce/rtl8192ce.o
hw.h,/home/mayank/Desktop/rtlwifi_new/rtl8192ce/hw.h
rtl8192ce.mod.c,/home/mayank/Desktop/rtlwifi_new/rtl8192ce/rtl8192ce.mod.c
trx.o,/home/mayank/Desktop/rtlwifi_new/rtl8192ce/trx.o
.phy.o.cmd,/home/mayank/Desktop/rtlwifi_new/rtl8192ce/.phy.o.cmd
.trx.o.cmd,/home/mayank/Desktop/rtlwifi_new/rtl8192ce/.trx.o.cmd
rtl8192ce.ko,/home/mayank/Desktop/rtlwifi_new/rtl8192ce/rtl8192ce.ko
.sw.o.cmd,/home/mayank/Desktop/rtlwifi_new/rtl8192ce/.sw.o.cmd
phy.o,/home/mayank/Desktop/rtlwifi_new/rtl8192ce/phy.o
table.h,/home/mayank/Desktop/rtlwifi_new/rtl8192ce/table.h
modules.order,/home/mayank/Desktop/rtlwifi_new/rtl8192ce/modules.order
led.o,/home/mayank/Desktop/rtlwifi_new/rtl8192ce/led.o
rf.h,/home/mayank/Desktop/rtlwifi_new/rtl8192ce/rf.h
table.c,/home/mayank/Desktop/rtlwifi_new/rtl8192ce/table.c
fw.o,/home/mayank/Desktop/rtlwifi_new/rtl8192ce/fw.o
.rtl8192ce.o.cmd,/home/mayank/Desktop/rtlwifi_new/rtl8192ce/.rtl8192ce.o.cmd
reg.h,/home/mayank/Desktop/rtlwifi_new/rtl8192ce/reg.h
.rtl8192ce.ko.cmd,/home/mayank/Desktop/rtlwifi_new/rtl8192ce/.rtl8192ce.ko.cmd
rf.o,/home/mayank/Desktop/rtlwifi_new/rtl8192ce/rf.o
sw.h,/home/mayank/Desktop/rtlwifi_new/rtl8192ce/sw.h
.rf.o.cmd,/home/mayank/Desktop/rtlwifi_new/rtl8192ce/.rf.o.cmd
dm.c,/home/mayank/Desktop/rtlwifi_new/rtl8192ce/dm.c
phy.h,/home/mayank/Desktop/rtlwifi_new/rtl8192ce/phy.h
.table.o.cmd,/home/mayank/Desktop/rtlwifi_new/rtl8192ce/.table.o.cmd
.fw.o.cmd,/home/mayank/Desktop/rtlwifi_new/rtl8192ce/.fw.o.cmd
phy.c,/home/mayank/Desktop/rtlwifi_new/rtl8192ce/phy.c
table.o,/home/mayank/Desktop/rtlwifi_new/rtl8192ce/table.o
sw.c,/home/mayank/Desktop/rtlwifi_new/rtl8192ce/sw.c
.rtl8192ce.mod.o.cmd,/home/mayank/Desktop/rtlwifi_new/rtl8192ce/.rtl8192ce.mod.o.cmd
Makefile,/home/mayank/Desktop/rtlwifi_new/rtl8192ce/Makefile
hw.c,/home/mayank/Desktop/rtlwifi_new/rtl8192ce/hw.c
hw.o.ur-safe,/home/mayank/Desktop/rtlwifi_new/rtl8192ce/hw.o.ur-safe
stats.h,/home/mayank/Desktop/rtlwifi_new/stats.h
.rtl_pci.o.cmd,/home/mayank/Desktop/rtlwifi_new/.rtl_pci.o.cmd
backup_drivers.tar,/home/mayank/Desktop/rtlwifi_new/backup_drivers.tar
wifi.h,/home/mayank/Desktop/rtlwifi_new/wifi.h
Makefile,/home/mayank/Desktop/rtlwifi_new/Makefile
rtl_usb.o,/home/mayank/Desktop/rtlwifi_new/rtl_usb.o
rtl_pci.ko,/home/mayank/Desktop/rtlwifi_new/rtl_pci.ko
debug.c,/home/mayank/Desktop/rtlwifi_new/debug.c
.usb.o.cmd,/home/mayank/Desktop/rtlwifi_new/.usb.o.cmd
.directory,/home/mayank/Desktop/.directory
1831fda6cada4fe1082b50240845bf101f0061,/home/mayank/Desktop/hello-git/.git/objects/97/1831fda6cada4fe1082b50240845bf101f0061
8523c39ceac166cbf2d87e037ad367e92f4a64,/home/mayank/Desktop/hello-git/.git/objects/7f/8523c39ceac166cbf2d87e037ad367e92f4a64
08c7abf46a56bc914de1d285537d7d48206cc7,/home/mayank/Desktop/hello-git/.git/objects/80/08c7abf46a56bc914de1d285537d7d48206cc7
bb7c8743cd114de55af8e867b066c78c3df1d8,/home/mayank/Desktop/hello-git/.git/objects/e9/bb7c8743cd114de55af8e867b066c78c3df1d8
11f49d674b3c916a22582da69bba49e71db9dc,/home/mayank/Desktop/hello-git/.git/objects/d7/11f49d674b3c916a22582da69bba49e71db9dc
d74991bdf4d0e3283b3e00c48e8ac05b5750e5,/home/mayank/Desktop/hello-git/.git/objects/43/d74991bdf4d0e3283b3e00c48e8ac05b5750e5
index,/home/mayank/Desktop/hello-git/.git/index
master,/home/mayank/Desktop/hello-git/.git/refs/heads/master
master,/home/mayank/Desktop/hello-git/.git/refs/remotes/origin/master
COMMIT_EDITMSG,/home/mayank/Desktop/hello-git/.git/COMMIT_EDITMSG
config,/home/mayank/Desktop/hello-git/.git/config
exclude,/home/mayank/Desktop/hello-git/.git/info/exclude
master,/home/mayank/Desktop/hello-git/.git/logs/refs/heads/master
master,/home/mayank/Desktop/hello-git/.git/logs/refs/remotes/origin/master
HEAD,/home/mayank/Desktop/hello-git/.git/logs/HEAD
description,/home/mayank/Desktop/hello-git/.git/description
HEAD,/home/mayank/Desktop/hello-git/.git/HEAD
fsmonitor-watchman.sample,/home/mayank/Desktop/hello-git/.git/hooks/fsmonitor-watchman.sample
pre-receive.sample,/home/mayank/Desktop/hello-git/.git/hooks/pre-receive.sample
post-update.sample,/home/mayank/Desktop/hello-git/.git/hooks/post-update.sample
pre-push.sample,/home/mayank/Desktop/hello-git/.git/hooks/pre-push.sample
pre-rebase.sample,/home/mayank/Desktop/hello-git/.git/hooks/pre-rebase.sample
commit-msg.sample,/home/mayank/Desktop/hello-git/.git/hooks/commit-msg.sample
update.sample,/home/mayank/Desktop/hello-git/.git/hooks/update.sample
prepare-commit-msg.sample,/home/mayank/Desktop/hello-git/.git/hooks/prepare-commit-msg.sample
applypatch-msg.sample,/home/mayank/Desktop/hello-git/.git/hooks/applypatch-msg.sample
pre-applypatch.sample,/home/mayank/Desktop/hello-git/.git/hooks/pre-applypatch.sample
pre-commit.sample,/home/mayank/Desktop/hello-git/.git/hooks/pre-commit.sample
ae97dbafc5bde2888e7b76ee73787d8c623251,/home/mayank/Desktop/Git-Demo/.git/objects/4c/ae97dbafc5bde2888e7b76ee73787d8c623251
ec8d62393bdd9573ea048fe48c9a2a5dad39e5,/home/mayank/Desktop/Git-Demo/.git/objects/44/ec8d62393bdd9573ea048fe48c9a2a5dad39e5
cb16b51a0abe0aace36a7055bd3761d4dc3098,/home/mayank/Desktop/Git-Demo/.git/objects/8a/cb16b51a0abe0aace36a7055bd3761d4dc3098
4602614de3f6a87aab040fff20e811bc333f24,/home/mayank/Desktop/Git-Demo/.git/objects/43/4602614de3f6a87aab040fff20e811bc333f24
26c17df586fd0c5df1c9e95c943a5c5ace9c52,/home/mayank/Desktop/Git-Demo/.git/objects/48/26c17df586fd0c5df1c9e95c943a5c5ace9c52
index,/home/mayank/Desktop/Git-Demo/.git/index
master,/home/mayank/Desktop/Git-Demo/.git/refs/heads/master
COMMIT_EDITMSG,/home/mayank/Desktop/Git-Demo/.git/COMMIT_EDITMSG
config,/home/mayank/Desktop/Git-Demo/.git/config
exclude,/home/mayank/Desktop/Git-Demo/.git/info/exclude
master,/home/mayank/Desktop/Git-Demo/.git/logs/refs/heads/master
HEAD,/home/mayank/Desktop/Git-Demo/.git/logs/HEAD
description,/home/mayank/Desktop/Git-Demo/.git/description
HEAD,/home/mayank/Desktop/Git-Demo/.git/HEAD
fsmonitor-watchman.sample,/home/mayank/Desktop/Git-Demo/.git/hooks/fsmonitor-watchman.sample
pre-receive.sample,/home/mayank/Desktop/Git-Demo/.git/hooks/pre-receive.sample
post-update.sample,/home/mayank/Desktop/Git-Demo/.git/hooks/post-update.sample
pre-push.sample,/home/mayank/Desktop/Git-Demo/.git/hooks/pre-push.sample
pre-rebase.sample,/home/mayank/Desktop/Git-Demo/.git/hooks/pre-rebase.sample
commit-msg.sample,/home/mayank/Desktop/Git-Demo/.git/hooks/commit-msg.sample
update.sample,/home/mayank/Desktop/Git-Demo/.git/hooks/update.sample
prepare-commit-msg.sample,/home/mayank/Desktop/Git-Demo/.git/hooks/prepare-commit-msg.sample
applypatch-msg.sample,/home/mayank/Desktop/Git-Demo/.git/hooks/applypatch-msg.sample
pre-applypatch.sample,/home/mayank/Desktop/Git-Demo/.git/hooks/pre-applypatch.sample
pre-commit.sample,/home/mayank/Desktop/Git-Demo/.git/hooks/pre-commit.sample
Hello.txt,/home/mayank/Desktop/Git-Demo/Hello.txt
second-house.txt,/home/mayank/Desktop/Git-Demo/second-house.txt
Home.desktop,/home/mayank/Desktop/Home.desktop
trash.desktop,/home/mayank/Desktop/trash.desktop
